Customer_ID,Age,Gender,Income,Spending_Score,Credit_Score,Loan_Amount,Previous_Defaults,Marketing_Spend,Purchase_Frequency,Seasonality,Sales,Customer_Churn,Defaulted,Date,seasonality_date
1,56,Female,142418.0,7,391.0,8083.0,1,15376,3,Low,32526,0,0,2024-01-01,2024-01-01
2,69,Male,63088.0,82,652.0,34328.0,2,6889,6,Low,78493,0,0,2024-02-01,2024-02-01
3,46,Male,136868.0,91,662.0,47891.0,2,6054,29,Medium,57198,1,0,2024-03-01,2024-03-01
4,32,Female,84398.05555555556,34,644.0,25103.0,2,4868,8,Medium,48395,0,0,2024-04-01,2024-04-01
5,60,Male,59811.0,91,469.0,44891.0,1,17585,12,High,29031,1,0,2024-05-01,2024-05-01
6,25,Male,134825.0,17,655.0,15754.0,1,19881,13,Low,80542,0,0,2024-06-01,2024-06-01
7,38,Female,75479.0,43,490.0,39447.0,1,2842,11,Medium,42701,1,1,2024-07-01,2024-07-01
8,56,Male,84398.05555555556,59,721.0,20901.0,2,11058,12,Medium,30939,1,0,2024-08-01,2024-08-01
9,36,Male,107369.0,51,306.0,38004.0,1,10101,1,Medium,54145,0,0,2024-09-01,2024-09-01
10,40,Male,137520.0,54,432.0,12446.0,0,13497,17,Medium,25324,0,1,2024-10-01,2024-10-01
11,28,Female,39963.0,24,330.0,42211.0,0,5658,16,Medium,27867,0,0,2024-11-01,2024-11-01
12,28,Female,75123.0,25,834.0,28456.928888888888,1,12381,11,Low,5203,0,1,2024-12-01,2024-12-01
13,41,Female,145911.0,71,725.0,31116.0,0,8544,13,Low,21544,0,1,2025-01-01,2025-01-01
14,53,Male,122468.0,52,693.0,46323.0,0,8718,18,Low,20899,0,0,2025-02-01,2025-02-01
15,57,Male,112705.0,70,573.4111111111112,23752.0,2,14851,11,Low,34063,0,0,2025-03-01,2025-03-01
16,41,Female,93477.0,88,736.0,37376.0,1,18154,28,High,95880,0,0,2025-04-01,2025-04-01
17,20,Male,34388.0,33,381.0,21669.0,1,12777,12,Low,8748,1,1,2025-05-01,2025-05-01
18,39,Male,25569.0,49,655.0,37916.0,2,2628,6,Medium,71629,0,0,2024-01-01,2024-01-01
19,19,Female,89836.0,29,557.0,28456.928888888888,0,1386,9,Low,85764,0,0,2024-02-01,2024-02-01
20,41,Female,124573.0,63,823.0,25421.0,0,7031,16,High,25884,0,1,2024-03-01,2024-03-01
21,61,Male,56586.0,22,594.0,31342.0,1,7439,4,Medium,30183,1,1,2024-04-01,2024-04-01
22,47,Male,147018.0,26,573.4111111111112,9895.0,0,14392,3,Low,86570,0,1,2024-05-01,2024-05-01
23,55,Male,32015.0,28,573.4111111111112,28456.928888888888,2,19850,28,Low,76246,0,0,2024-06-01,2024-06-01
24,19,Female,65002.0,85,573.4111111111112,15699.0,2,3282,16,Low,24259,0,1,2024-07-01,2024-07-01
25,38,Female,136594.0,49,412.0,14715.0,1,2856,24,Medium,40959,0,0,2024-08-01,2024-08-01
26,50,Female,26254.0,71,532.0,24169.0,2,16670,27,Medium,38457,0,1,2024-09-01,2024-09-01
27,29,Female,37144.0,81,316.0,21163.0,2,2998,26,High,90679,1,0,2024-10-01,2024-10-01
28,39,Male,44214.0,84,659.0,10782.0,1,6476,25,Medium,7103,1,0,2024-11-01,2024-11-01
29,61,Female,84398.05555555556,49,573.4111111111112,27641.0,2,10428,12,Medium,70901,0,0,2024-12-01,2024-12-01
30,42,Female,100719.0,20,747.0,28456.928888888888,2,5669,11,Low,49535,1,0,2025-01-01,2025-01-01
31,66,Female,91774.0,86,573.4111111111112,40585.0,2,13336,5,Medium,21103,0,0,2025-02-01,2025-02-01
32,44,Female,26090.0,92,625.0,28456.928888888888,0,10342,25,Low,95012,0,0,2025-03-01,2025-03-01
33,59,Female,31637.0,63,766.0,28456.928888888888,1,8064,18,Low,83278,1,0,2025-04-01,2025-04-01
34,45,Male,42415.0,61,713.0,43067.0,1,8446,19,Medium,17391,0,0,2025-05-01,2025-05-01
35,33,Male,44071.0,49,573.4111111111112,47685.0,1,18815,23,High,33901,1,1,2024-01-01,2024-01-01
36,32,Female,78243.0,71,532.0,23073.0,0,6624,23,High,86159,0,0,2024-02-01,2024-02-01
37,64,Male,130951.0,1,523.0,41035.0,0,8461,6,Medium,72914,0,0,2024-03-01,2024-03-01
38,68,Female,84398.05555555556,96,711.0,42174.0,1,2819,22,High,55357,0,0,2024-04-01,2024-04-01
39,61,Female,84398.05555555556,13,634.0,29837.0,0,11516,18,Low,91908,0,0,2024-05-01,2024-05-01
40,69,Male,61240.0,94,521.0,22826.0,1,14749,26,Low,43437,0,0,2024-06-01,2024-06-01
41,20,Male,146146.0,87,336.0,28456.928888888888,0,18514,6,Medium,40503,1,0,2024-07-01,2024-07-01
42,54,Female,103807.0,51,577.0,15382.0,2,3658,4,High,98459,0,0,2024-08-01,2024-08-01
43,68,Female,121570.0,56,495.0,9437.0,2,4500,12,High,80403,1,1,2024-09-01,2024-09-01
44,24,Female,53434.0,83,783.0,10435.0,1,3120,19,Low,46258,1,1,2024-10-01,2024-10-01
45,38,Male,89724.0,62,541.0,29819.0,0,5020,29,Medium,38724,0,0,2024-11-01,2024-11-01
46,26,Female,135359.0,32,573.4111111111112,41875.0,0,11213,27,High,69286,0,1,2024-12-01,2024-12-01
47,56,Female,95697.0,30,491.0,36982.0,2,4259,29,Medium,79842,0,0,2025-01-01,2025-01-01
48,35,Female,48732.0,29,316.0,38328.0,2,11081,2,High,19908,0,0,2025-02-01,2025-02-01
49,21,Male,141465.0,49,823.0,17329.0,0,2823,17,Low,97617,1,0,2025-03-01,2025-03-01
50,42,Female,31314.0,45,700.0,28456.928888888888,0,18858,11,Low,55626,0,0,2025-04-01,2025-04-01
51,31,Female,43954.0,93,321.0,26932.0,0,19626,11,Medium,42228,0,0,2025-05-01,2025-05-01
52,67,Male,77108.0,30,773.0,39594.0,0,14467,21,Low,28386,0,0,2024-01-01,2024-01-01
53,26,Female,107044.0,16,419.0,16421.0,0,7990,16,High,51754,0,0,2024-02-01,2024-02-01
54,43,Female,107505.0,40,509.0,12629.0,0,4134,2,Low,33302,0,0,2024-03-01,2024-03-01
55,19,Male,131195.0,19,605.0,13325.0,1,19454,2,Medium,65815,0,0,2024-04-01,2024-04-01
56,37,Female,123081.0,18,569.0,33495.0,0,17743,23,Medium,89748,0,0,2024-05-01,2024-05-01
57,45,Male,56668.0,1,584.0,36750.0,2,16434,8,Medium,68344,0,0,2024-06-01,2024-06-01
58,64,Male,43061.0,78,526.0,34619.0,1,16007,13,High,40618,0,0,2024-07-01,2024-07-01
59,24,Female,99252.0,47,680.0,45461.0,0,11233,10,High,81234,0,0,2024-08-01,2024-08-01
60,61,Female,59749.0,66,573.4111111111112,28456.928888888888,2,17378,8,High,66114,0,0,2024-09-01,2024-09-01
61,25,Female,149668.0,92,306.0,17686.0,1,2141,4,High,75130,1,1,2024-10-01,2024-10-01
62,64,Female,124680.0,94,328.0,29226.0,2,19019,15,High,30525,0,0,2024-11-01,2024-11-01
63,52,Male,36907.0,38,332.0,11721.0,0,11135,1,Low,84818,0,0,2024-12-01,2024-12-01
64,31,Female,38777.0,51,378.0,25609.0,0,13966,11,High,19334,0,0,2025-01-01,2025-01-01
65,34,Male,113229.0,63,758.0,12373.0,0,4361,7,High,99715,0,0,2025-02-01,2025-02-01
66,53,Female,71745.0,4,837.0,43675.0,0,8835,17,Low,67767,1,0,2025-03-01,2025-03-01
67,67,Female,128464.0,1,781.0,33937.0,1,12172,27,High,11644,0,0,2025-04-01,2025-04-01
68,57,Female,148077.0,8,729.0,10656.0,1,17390,20,Medium,37933,0,0,2025-05-01,2025-05-01
69,21,Male,111865.0,29,584.0,13984.0,2,4267,24,High,48469,1,0,2024-01-01,2024-01-01
70,19,Female,132428.0,55,815.0,34984.0,0,7564,18,High,38687,0,0,2024-02-01,2024-02-01
71,23,Female,101818.0,3,398.0,13286.0,2,19990,22,Medium,57656,0,0,2024-03-01,2024-03-01
72,59,Female,84398.05555555556,32,696.0,10901.0,1,12411,29,Medium,22375,0,0,2024-04-01,2024-04-01
73,21,Female,43321.0,10,788.0,36552.0,0,6906,22,Medium,70206,0,0,2024-05-01,2024-05-01
74,46,Male,30488.0,74,338.0,30709.0,0,17028,12,Medium,41607,0,0,2024-06-01,2024-06-01
75,35,Female,42574.0,83,570.0,36055.0,1,8611,9,High,88178,0,0,2024-07-01,2024-07-01
76,43,Male,25240.0,34,456.0,42685.0,1,18297,5,Medium,28993,1,0,2024-08-01,2024-08-01
77,61,Male,63221.0,97,374.0,13429.0,1,3011,10,Medium,49386,1,0,2024-09-01,2024-09-01
78,51,Male,30478.0,87,429.0,19716.0,1,18826,4,Low,51287,0,0,2024-10-01,2024-10-01
79,27,Male,148055.0,55,573.4111111111112,16138.0,1,12246,5,Medium,91724,0,0,2024-11-01,2024-11-01
80,53,Male,75645.0,92,321.0,40298.0,0,14790,28,Medium,98308,1,1,2024-12-01,2024-12-01
81,31,Male,130698.0,32,758.0,28429.0,1,12738,28,Low,81312,0,0,2025-01-01,2025-01-01
82,48,Female,39262.0,50,838.0,10772.0,0,15730,10,Low,80324,1,1,2025-02-01,2025-02-01
83,65,Male,138831.0,7,681.0,28456.928888888888,0,12120,11,High,76196,1,0,2025-03-01,2025-03-01
84,32,Male,72796.0,93,739.0,44905.0,1,19213,21,Low,75014,0,0,2025-04-01,2025-04-01
85,25,Male,24432.0,8,320.0,22347.0,1,9767,24,High,13210,0,0,2025-05-01,2025-05-01
86,31,Female,84398.05555555556,65,602.0,21920.0,0,14703,10,Low,15922,0,0,2024-01-01,2024-01-01
87,40,Female,84291.0,57,383.0,36822.0,1,1929,28,Low,41289,0,0,2024-02-01,2024-02-01
88,57,Male,99104.0,67,752.0,45108.0,1,12951,8,High,38340,1,0,2024-03-01,2024-03-01
89,38,Female,79399.0,88,686.0,28563.0,1,16845,2,Low,44850,0,0,2024-04-01,2024-04-01
90,33,Male,147600.0,87,806.0,12967.0,2,18438,23,High,61984,1,0,2024-05-01,2024-05-01
91,62,Male,99714.0,59,556.0,16871.0,0,16747,8,Low,89178,0,0,2024-06-01,2024-06-01
92,35,Female,70428.0,72,826.0,33763.0,2,6744,16,Medium,16094,0,1,2024-07-01,2024-07-01
93,64,Male,107731.0,54,461.0,16916.0,1,19284,27,Low,92959,0,0,2024-08-01,2024-08-01
94,41,Female,145646.0,67,462.0,13734.0,2,10649,22,High,38418,0,0,2024-09-01,2024-09-01
95,43,Female,84398.05555555556,51,823.0,38613.0,1,7980,5,Low,10741,0,0,2024-10-01,2024-10-01
96,42,Male,102558.0,97,570.0,33179.0,2,8069,27,High,77374,0,0,2024-11-01,2024-11-01
97,62,Male,20055.0,92,791.0,40262.0,1,10591,25,High,73798,1,0,2024-12-01,2024-12-01
98,58,Female,131317.0,8,507.0,17677.0,2,1442,29,Medium,75532,0,1,2025-01-01,2025-01-01
99,46,Male,28717.0,34,838.0,23268.0,2,5652,3,Medium,27164,0,0,2025-02-01,2025-02-01
100,32,Male,147449.0,35,359.0,28456.928888888888,2,10370,12,High,40595,0,0,2025-03-01,2025-03-01
101,62,Male,48699.0,96,729.0,28456.928888888888,0,8597,13,Low,35257,1,0,2025-04-01,2025-04-01
102,18,Female,84398.05555555556,88,608.0,42947.0,2,15325,13,High,19211,0,1,2025-05-01,2025-05-01
103,42,Female,87661.0,78,819.0,32286.0,0,5458,10,High,10232,0,0,2024-01-01,2024-01-01
104,24,Male,64247.0,32,326.0,28456.928888888888,1,7591,4,Low,72753,1,0,2024-02-01,2024-02-01
105,26,Female,134049.0,46,498.0,11430.0,2,17346,9,Low,57691,1,1,2024-03-01,2024-03-01
106,41,Female,36748.0,16,686.0,44922.0,1,12826,22,Low,94765,0,0,2024-04-01,2024-04-01
107,18,Female,125113.0,68,573.4111111111112,18828.0,1,19693,24,Low,84768,0,1,2024-05-01,2024-05-01
108,61,Female,24621.0,37,835.0,47913.0,2,15138,23,High,30613,0,0,2024-06-01,2024-06-01
109,25,Female,35034.0,54,677.0,36497.0,0,18294,27,High,19026,0,0,2024-07-01,2024-07-01
110,41,Male,131927.0,85,826.0,44256.0,2,3169,2,Medium,58535,1,0,2024-08-01,2024-08-01
111,28,Male,147858.0,14,452.0,41618.0,1,19556,19,High,99090,0,0,2024-09-01,2024-09-01
112,68,Male,25126.0,95,505.0,28456.928888888888,1,7313,1,Low,35908,1,1,2024-10-01,2024-10-01
113,34,Female,25122.0,55,754.0,35158.0,2,9315,25,Medium,57113,0,0,2024-11-01,2024-11-01
114,25,Female,38030.0,48,572.0,30032.0,0,9036,29,Low,24610,0,0,2024-12-01,2024-12-01
115,52,Male,102838.0,82,573.4111111111112,42846.0,0,1785,7,High,51646,0,0,2025-01-01,2025-01-01
116,52,Female,104717.0,7,820.0,49936.0,1,7139,17,Medium,68185,0,0,2025-02-01,2025-02-01
117,50,Male,75658.0,74,800.0,34794.0,1,7344,3,Low,77567,1,0,2025-03-01,2025-03-01
118,22,Male,58638.0,7,416.0,10448.0,0,19800,20,Medium,52574,1,0,2025-04-01,2025-04-01
119,59,Male,87067.0,33,685.0,33861.0,2,15973,20,Medium,96051,0,0,2025-05-01,2025-05-01
120,56,Female,126476.0,23,643.0,33141.0,1,6619,21,High,41182,0,0,2024-01-01,2024-01-01
121,58,Female,138033.0,85,694.0,14074.0,0,2936,3,Low,5570,0,0,2024-02-01,2024-02-01
122,45,Male,125977.0,19,363.0,11406.0,1,4807,3,Medium,24288,0,0,2024-03-01,2024-03-01
123,24,Male,108869.0,19,371.0,36823.0,2,8151,17,Medium,83824,0,0,2024-04-01,2024-04-01
124,26,Male,84398.05555555556,36,573.0,28291.0,0,10493,7,Low,34877,0,1,2024-05-01,2024-05-01
125,25,Male,54674.0,29,619.0,46568.0,1,13355,27,Medium,89425,0,1,2024-06-01,2024-06-01
126,29,Female,55854.0,60,637.0,37003.0,2,4236,26,Medium,5917,1,0,2024-07-01,2024-07-01
127,51,Female,66271.0,82,665.0,28456.928888888888,1,16848,14,Medium,80602,0,0,2024-08-01,2024-08-01
128,50,Male,93688.0,2,794.0,28312.0,2,3352,17,Low,69575,0,0,2024-09-01,2024-09-01
129,65,Male,58518.0,1,465.0,48108.0,2,2932,18,Low,77518,0,0,2024-10-01,2024-10-01
130,40,Female,131076.0,47,843.0,6382.0,0,11913,13,Low,44104,0,0,2024-11-01,2024-11-01
131,41,Female,30267.0,69,310.0,39171.0,2,9556,20,Low,23062,0,0,2024-12-01,2024-12-01
132,54,Male,110825.0,20,600.0,28456.928888888888,1,6498,29,High,21999,1,0,2025-01-01,2025-01-01
133,52,Male,21062.0,11,573.4111111111112,8292.0,2,11582,20,Medium,66845,1,1,2025-02-01,2025-02-01
134,61,Male,136664.0,2,573.4111111111112,46779.0,2,18330,21,Low,14941,0,0,2025-03-01,2025-03-01
135,57,Female,84398.05555555556,67,691.0,38187.0,0,14865,27,Medium,66169,0,0,2025-04-01,2025-04-01
136,39,Female,84398.05555555556,87,513.0,17411.0,2,10569,18,Medium,28470,0,0,2025-05-01,2025-05-01
137,44,Female,26229.0,12,573.4111111111112,42285.0,2,18823,4,High,64821,1,0,2024-01-01,2024-01-01
138,52,Male,84398.05555555556,20,700.0,20422.0,1,5857,1,Low,91669,0,1,2024-02-01,2024-02-01
139,18,Male,84398.05555555556,5,345.0,47468.0,0,1340,18,Low,49435,0,0,2024-03-01,2024-03-01
140,52,Female,67915.0,37,762.0,37371.0,0,12181,1,Medium,9529,0,0,2024-04-01,2024-04-01
141,54,Female,24632.0,38,573.4111111111112,10693.0,0,17766,26,Low,88055,0,0,2024-05-01,2024-05-01
142,64,Male,84398.05555555556,94,573.4111111111112,38535.0,2,9491,26,Medium,17192,0,0,2024-06-01,2024-06-01
143,31,Female,84398.05555555556,9,391.0,19818.0,0,1138,13,Medium,79102,1,0,2024-07-01,2024-07-01
144,20,Female,129779.0,98,541.0,36238.0,2,1358,20,High,77762,0,1,2024-08-01,2024-08-01
145,18,Male,26168.0,53,301.0,35874.0,2,10714,20,High,91795,0,1,2024-09-01,2024-09-01
146,22,Female,128099.0,44,524.0,31715.0,1,2627,23,High,39087,0,0,2024-10-01,2024-10-01
147,43,Male,27561.0,99,415.0,32605.0,1,16996,10,Medium,71677,1,0,2024-11-01,2024-11-01
148,31,Male,93794.0,86,402.0,39317.0,1,6004,27,Low,9627,1,1,2024-12-01,2024-12-01
149,56,Male,102152.0,24,493.0,36174.0,1,14283,11,High,61541,0,0,2025-01-01,2025-01-01
150,44,Male,145036.0,81,465.0,14956.0,1,7652,9,Low,73226,1,0,2025-02-01,2025-02-01
151,26,Male,144049.0,74,389.0,43908.0,2,3151,9,High,8255,0,0,2025-03-01,2025-03-01
152,32,Male,46734.0,30,573.4111111111112,15837.0,2,10429,5,High,62433,0,0,2025-04-01,2025-04-01
153,32,Male,26371.0,59,442.0,28456.928888888888,0,15072,26,Medium,10213,0,0,2025-05-01,2025-05-01
154,43,Female,138894.0,87,405.0,9481.0,2,12927,1,High,24404,0,0,2024-01-01,2024-01-01
155,59,Male,46069.0,96,727.0,29282.0,2,7905,17,High,30380,0,0,2024-02-01,2024-02-01
156,30,Male,99905.0,81,604.0,11548.0,1,13452,22,Medium,96056,0,0,2024-03-01,2024-03-01
157,68,Female,32910.0,81,616.0,28456.928888888888,2,17212,2,Low,24173,0,0,2024-04-01,2024-04-01
158,49,Female,93479.0,14,308.0,12758.0,1,19951,24,High,58027,1,1,2024-05-01,2024-05-01
159,56,Female,84398.05555555556,9,372.0,48668.0,0,2307,13,Medium,28989,0,1,2024-06-01,2024-06-01
160,66,Male,101264.0,40,658.0,28177.0,0,15852,9,High,29519,0,1,2024-07-01,2024-07-01
161,69,Female,43275.0,66,522.0,29022.0,2,3660,29,Medium,27439,0,0,2024-08-01,2024-08-01
162,49,Male,92274.0,25,573.4111111111112,45761.0,0,11403,4,Low,81949,0,0,2024-09-01,2024-09-01
163,21,Male,84398.05555555556,73,669.0,10542.0,2,11238,5,Low,19995,0,0,2024-10-01,2024-10-01
164,47,Male,120776.0,22,563.0,30476.0,0,7207,11,Medium,28559,0,0,2024-11-01,2024-11-01
165,54,Male,80004.0,4,617.0,35784.0,1,2140,24,Medium,94049,1,0,2024-12-01,2024-12-01
166,40,Female,82981.0,26,383.0,27740.0,1,2708,19,Medium,10021,0,0,2025-01-01,2025-01-01
167,56,Female,104659.0,58,617.0,29817.0,1,4630,21,Low,26119,0,0,2025-02-01,2025-02-01
168,62,Male,74553.0,29,410.0,21052.0,1,11485,3,High,56539,1,1,2025-03-01,2025-03-01
169,32,Male,68447.0,98,550.0,40153.0,2,13021,12,Low,99835,0,0,2025-04-01,2025-04-01
170,60,Male,54529.0,87,682.0,5671.0,0,17859,26,Medium,44350,0,0,2025-05-01,2025-05-01
171,46,Female,146394.0,37,306.0,5163.0,2,8684,19,Medium,51223,0,0,2024-01-01,2024-01-01
172,53,Male,95703.0,75,758.0,28456.928888888888,1,2207,19,Low,30517,0,1,2024-02-01,2024-02-01
173,30,Male,96090.0,70,383.0,49002.0,2,14331,13,Medium,83653,0,0,2024-03-01,2024-03-01
174,49,Female,37260.0,18,507.0,9795.0,0,2960,28,Low,27250,0,1,2024-04-01,2024-04-01
175,24,Female,132581.0,85,689.0,15634.0,2,1557,7,Medium,89486,0,1,2024-05-01,2024-05-01
176,68,Male,23812.0,42,613.0,9798.0,0,16883,15,High,87895,0,0,2024-06-01,2024-06-01
177,39,Female,48024.0,41,321.0,27420.0,2,14893,23,High,94132,1,0,2024-07-01,2024-07-01
178,45,Female,78656.0,38,709.0,34300.0,0,1882,7,Medium,96066,0,0,2024-08-01,2024-08-01
179,19,Male,136148.0,34,814.0,29345.0,0,5761,26,Low,71798,0,0,2024-09-01,2024-09-01
180,59,Female,47285.0,17,426.0,15749.0,1,6867,8,High,59199,1,0,2024-10-01,2024-10-01
181,62,Male,112436.0,37,313.0,43595.0,0,13869,5,Low,64546,0,0,2024-11-01,2024-11-01
182,23,Female,136421.0,25,311.0,30121.0,1,8166,21,Medium,93151,0,1,2024-12-01,2024-12-01
183,45,Male,21605.0,76,386.0,42487.0,1,13982,14,Low,8327,1,1,2025-01-01,2025-01-01
184,45,Male,91158.0,87,823.0,33411.0,1,8929,4,High,34768,0,0,2025-02-01,2025-02-01
185,61,Male,92303.0,86,836.0,38361.0,2,6347,23,Low,69418,0,0,2025-03-01,2025-03-01
186,61,Female,47139.0,85,600.0,26223.0,2,8269,10,Low,99386,1,0,2025-04-01,2025-04-01
187,37,Male,97149.0,27,542.0,12394.0,2,14527,20,Medium,47788,0,0,2025-05-01,2025-05-01
188,47,Female,76138.0,57,421.0,19056.0,2,3454,15,Medium,87384,0,0,2024-01-01,2024-01-01
189,28,Male,138205.0,31,446.0,33380.0,0,19330,18,Medium,51830,0,0,2024-02-01,2024-02-01
190,45,Male,96125.0,6,655.0,31035.0,0,13991,20,High,57446,0,0,2024-03-01,2024-03-01
191,42,Female,33918.0,91,608.0,35620.0,2,3808,13,High,20160,0,0,2024-04-01,2024-04-01
192,56,Male,105655.0,40,587.0,24877.0,0,7642,29,Medium,61583,1,1,2024-05-01,2024-05-01
193,50,Male,47446.0,98,606.0,48404.0,0,4825,8,Medium,38998,0,0,2024-06-01,2024-06-01
194,18,Female,84398.05555555556,12,848.0,35911.0,1,4536,9,High,32230,1,0,2024-07-01,2024-07-01
195,44,Male,33046.0,53,651.0,37784.0,1,16309,16,High,14076,0,0,2024-08-01,2024-08-01
196,69,Male,149922.0,71,573.4111111111112,8191.0,1,4802,19,High,74341,1,0,2024-09-01,2024-09-01
197,30,Male,44818.0,10,358.0,38160.0,1,19354,16,High,36085,0,0,2024-10-01,2024-10-01
198,58,Male,120894.0,45,334.0,30000.0,0,7142,7,Medium,60571,0,0,2024-11-01,2024-11-01
199,20,Female,135751.0,17,744.0,44040.0,2,10094,14,High,19715,0,0,2024-12-01,2024-12-01
200,56,Female,24324.0,26,392.0,8631.0,0,1364,28,Medium,10750,0,0,2025-01-01,2025-01-01
201,23,Male,96323.0,85,506.0,11172.0,0,16688,14,Low,83768,0,0,2025-02-01,2025-02-01
202,25,Female,29111.0,92,652.0,47080.0,0,2863,25,Low,40903,1,0,2025-03-01,2025-03-01
203,44,Male,58110.0,62,631.0,28561.0,1,17499,27,High,77489,1,0,2025-04-01,2025-04-01
204,26,Female,36389.0,46,458.0,29817.0,1,8084,4,Low,37093,0,1,2025-05-01,2025-05-01
205,54,Male,84398.05555555556,64,323.0,25281.0,1,9016,26,Low,96036,0,0,2024-01-01,2024-01-01
206,50,Male,61427.0,2,703.0,33671.0,2,3384,15,Low,92954,0,1,2024-02-01,2024-02-01
207,68,Male,99579.0,54,815.0,30364.0,0,16072,3,High,39314,0,0,2024-03-01,2024-03-01
208,59,Male,48746.0,65,663.0,46674.0,2,4935,5,High,53225,0,1,2024-04-01,2024-04-01
209,61,Male,142883.0,51,681.0,32425.0,1,14127,1,Low,92985,1,0,2024-05-01,2024-05-01
210,41,Male,107886.0,53,831.0,33602.0,2,15482,3,Medium,88014,1,0,2024-06-01,2024-06-01
211,32,Female,127141.0,36,451.0,28253.0,0,8742,15,Low,40179,0,0,2024-07-01,2024-07-01
212,49,Male,20117.0,26,719.0,28472.0,0,17165,24,High,30338,0,0,2024-08-01,2024-08-01
213,49,Female,145808.0,29,549.0,13080.0,1,3490,27,High,97435,0,0,2024-09-01,2024-09-01
214,41,Male,132221.0,21,416.0,12099.0,1,14324,8,High,74681,0,0,2024-10-01,2024-10-01
215,58,Female,104471.0,11,811.0,30431.0,2,19108,29,Low,37101,0,0,2024-11-01,2024-11-01
216,69,Female,132613.0,40,634.0,36186.0,1,2137,4,Medium,7775,0,0,2024-12-01,2024-12-01
217,66,Female,84398.05555555556,11,717.0,35111.0,1,4420,2,High,50619,1,0,2025-01-01,2025-01-01
218,66,Male,149597.0,36,594.0,44851.0,0,6845,29,High,50838,0,0,2025-02-01,2025-02-01
219,69,Male,123864.0,59,670.0,27614.0,1,4906,24,Low,24539,0,0,2025-03-01,2025-03-01
220,29,Female,73441.0,39,485.0,31724.0,1,13413,24,Medium,62124,1,0,2025-04-01,2025-04-01
221,56,Male,20846.0,99,545.0,28456.928888888888,0,1276,10,Low,70149,1,0,2025-05-01,2025-05-01
222,19,Female,30954.0,54,573.4111111111112,28456.928888888888,0,19383,4,High,31616,0,1,2024-01-01,2024-01-01
223,20,Male,84398.05555555556,98,573.4111111111112,33758.0,2,18611,3,Medium,84655,0,0,2024-02-01,2024-02-01
224,66,Female,133689.0,55,829.0,41224.0,1,7337,2,Medium,95695,0,0,2024-03-01,2024-03-01
225,54,Female,66514.0,24,573.4111111111112,12788.0,0,12944,25,High,59567,1,1,2024-04-01,2024-04-01
226,66,Male,108236.0,22,819.0,33082.0,2,16906,17,Medium,42099,0,0,2024-05-01,2024-05-01
227,34,Female,84398.05555555556,69,399.0,29034.0,2,18079,23,Medium,80831,0,0,2024-06-01,2024-06-01
228,66,Male,148644.0,56,777.0,40479.0,1,13306,21,Low,66799,0,0,2024-07-01,2024-07-01
229,19,Female,26469.0,33,597.0,28456.928888888888,1,11503,24,High,95221,1,0,2024-08-01,2024-08-01
230,19,Female,50105.0,36,825.0,23052.0,2,5208,20,High,30479,0,0,2024-09-01,2024-09-01
231,45,Male,84398.05555555556,20,633.0,21531.0,0,12590,23,High,51172,0,0,2024-10-01,2024-10-01
232,40,Male,84323.0,83,301.0,27804.0,2,11886,13,High,60863,0,0,2024-11-01,2024-11-01
233,54,Male,111922.0,99,573.4111111111112,33903.0,1,13866,5,High,47043,0,1,2024-12-01,2024-12-01
234,49,Female,78067.0,81,592.0,49857.0,0,2088,21,Medium,87569,0,0,2025-01-01,2025-01-01
235,50,Male,69376.0,62,617.0,15142.0,0,4363,9,Low,20408,1,0,2025-02-01,2025-02-01
236,18,Female,65587.0,98,801.0,14866.0,2,1024,25,High,62980,1,0,2025-03-01,2025-03-01
237,36,Female,84398.05555555556,73,680.0,9531.0,1,10764,29,Low,87956,0,0,2025-04-01,2025-04-01
238,19,Male,124587.0,26,573.4111111111112,43098.0,2,10959,25,Low,21351,0,0,2025-05-01,2025-05-01
239,61,Male,147534.0,66,803.0,43278.0,2,13935,28,Medium,9131,0,0,2024-01-01,2024-01-01
240,43,Female,87584.0,73,530.0,33138.0,2,9068,22,High,49825,0,1,2024-02-01,2024-02-01
241,49,Female,124537.0,73,383.0,32065.0,0,19619,6,Medium,16349,0,1,2024-03-01,2024-03-01
242,23,Male,98477.0,40,429.0,34956.0,0,8295,5,High,65931,1,0,2024-04-01,2024-04-01
243,49,Male,84398.05555555556,17,573.4111111111112,46732.0,1,9392,25,Medium,49254,0,0,2024-05-01,2024-05-01
244,21,Male,62533.0,1,327.0,44261.0,1,12390,10,Low,43225,0,0,2024-06-01,2024-06-01
245,28,Male,21828.0,89,365.0,28456.928888888888,2,9448,8,High,17453,0,0,2024-07-01,2024-07-01
246,34,Male,21917.0,61,462.0,28456.928888888888,2,11433,7,Low,23814,1,0,2024-08-01,2024-08-01
247,55,Female,40618.0,43,528.0,47533.0,2,16038,7,Low,23263,0,0,2024-09-01,2024-09-01
248,41,Female,52254.0,42,560.0,33270.0,1,12528,6,Medium,82694,1,0,2024-10-01,2024-10-01
249,22,Female,84398.05555555556,25,748.0,18279.0,0,16743,21,High,20735,1,0,2024-11-01,2024-11-01
250,69,Female,136714.0,39,723.0,28456.928888888888,0,9605,29,Low,20830,0,1,2024-12-01,2024-12-01
251,51,Male,67362.0,35,759.0,49251.0,2,3014,20,Medium,52893,0,0,2025-01-01,2025-01-01
252,23,Male,40128.0,3,600.0,28888.0,2,2381,3,High,49673,0,0,2025-02-01,2025-02-01
253,39,Male,143781.0,44,602.0,28456.928888888888,2,2098,19,High,94462,0,0,2025-03-01,2025-03-01
254,28,Female,131281.0,51,586.0,40144.0,2,10101,22,Low,50066,0,0,2025-04-01,2025-04-01
255,65,Female,79383.0,94,694.0,36182.0,1,1187,15,High,8373,0,0,2025-05-01,2025-05-01
256,33,Male,84398.05555555556,98,309.0,30538.0,0,12948,4,Low,15335,0,0,2024-01-01,2024-01-01
257,50,Male,102180.0,12,569.0,16824.0,2,11207,28,High,28741,0,0,2024-02-01,2024-02-01
258,26,Female,107958.0,19,660.0,37125.0,1,3092,12,Medium,15692,0,0,2024-03-01,2024-03-01
259,23,Female,84398.05555555556,44,556.0,11979.0,2,19514,6,Low,52295,1,0,2024-04-01,2024-04-01
260,33,Male,22219.0,59,432.0,31189.0,2,6242,19,Low,50541,0,0,2024-05-01,2024-05-01
261,46,Male,59809.0,49,575.0,47600.0,0,9549,4,High,39057,0,0,2024-06-01,2024-06-01
262,20,Female,136748.0,61,812.0,17504.0,2,6185,15,High,71983,0,1,2024-07-01,2024-07-01
263,37,Male,25287.0,17,612.0,25669.0,0,16271,9,Low,24583,0,0,2024-08-01,2024-08-01
264,53,Male,146593.0,74,573.4111111111112,28456.928888888888,0,6776,5,High,27765,0,0,2024-09-01,2024-09-01
265,36,Male,54387.0,57,420.0,39964.0,0,13449,13,Medium,64287,0,0,2024-10-01,2024-10-01
266,43,Female,28512.0,55,406.0,28456.928888888888,1,8823,23,High,28906,0,0,2024-11-01,2024-11-01
267,20,Female,21342.0,47,503.0,30227.0,1,16717,26,Medium,90103,0,0,2024-12-01,2024-12-01
268,36,Female,83076.0,12,464.0,10978.0,0,8355,18,Medium,84675,0,0,2025-01-01,2025-01-01
269,37,Female,128872.0,62,604.0,26991.0,2,7465,5,Medium,51525,0,0,2025-02-01,2025-02-01
270,49,Female,39216.0,80,796.0,22153.0,0,13737,25,Medium,43230,0,1,2025-03-01,2025-03-01
271,24,Female,137512.0,88,455.0,38548.0,2,18881,16,Medium,24520,0,0,2025-04-01,2025-04-01
272,69,Female,136682.0,83,573.4111111111112,47676.0,0,14324,27,High,90238,0,0,2025-05-01,2025-05-01
273,58,Male,113070.0,8,550.0,44071.0,2,11350,19,Medium,56934,0,0,2024-01-01,2024-01-01
274,50,Male,84398.05555555556,95,633.0,8983.0,1,3555,14,High,30566,0,0,2024-02-01,2024-02-01
275,57,Male,117829.0,21,810.0,14503.0,2,3951,25,Medium,78193,0,0,2024-03-01,2024-03-01
276,56,Male,46614.0,81,592.0,34921.0,0,18622,16,Low,35134,0,0,2024-04-01,2024-04-01
277,35,Male,56258.0,87,319.0,21905.0,1,5727,27,Medium,15345,0,0,2024-05-01,2024-05-01
278,57,Male,113789.0,80,581.0,28953.0,2,6686,15,Low,46185,1,0,2024-06-01,2024-06-01
279,18,Male,62078.0,70,300.0,31806.0,2,4701,22,Medium,97949,1,0,2024-07-01,2024-07-01
280,28,Female,84398.05555555556,72,418.0,27168.0,2,3780,4,Medium,75744,0,0,2024-08-01,2024-08-01
281,45,Female,84398.05555555556,25,334.0,28456.928888888888,2,18972,7,Medium,38455,0,0,2024-09-01,2024-09-01
282,42,Male,116573.0,82,497.0,43714.0,2,3368,16,Low,33018,0,0,2024-10-01,2024-10-01
283,67,Male,32219.0,89,784.0,44896.0,1,16592,24,Low,59219,0,1,2024-11-01,2024-11-01
284,40,Female,20235.0,12,358.0,16889.0,1,1436,22,Medium,50991,0,0,2024-12-01,2024-12-01
285,48,Male,62929.0,15,460.0,28456.928888888888,1,3828,21,High,78616,0,0,2025-01-01,2025-01-01
286,47,Male,147309.0,59,505.0,17275.0,1,2556,22,Medium,92438,0,0,2025-02-01,2025-02-01
287,59,Female,87444.0,26,311.0,7461.0,0,14364,21,Low,14486,1,0,2025-03-01,2025-03-01
288,52,Male,28567.0,26,789.0,19291.0,1,16061,8,Medium,43862,0,0,2025-04-01,2025-04-01
289,24,Female,121834.0,47,575.0,16435.0,2,11576,17,Low,63870,0,1,2025-05-01,2025-05-01
290,33,Male,90792.0,32,573.4111111111112,32935.0,2,17566,16,Low,91694,0,0,2024-01-01,2024-01-01
291,43,Female,85441.0,10,515.0,38453.0,1,8190,27,Low,48856,0,0,2024-02-01,2024-02-01
292,65,Female,104555.0,16,550.0,23544.0,2,6565,23,Medium,91055,0,0,2024-03-01,2024-03-01
293,69,Female,93698.0,71,425.0,17258.0,1,16369,10,Low,36379,0,0,2024-04-01,2024-04-01
294,66,Male,144450.0,17,516.0,35841.0,2,2589,10,Low,69729,1,0,2024-05-01,2024-05-01
295,19,Female,137248.0,23,605.0,15736.0,0,1159,27,Medium,33378,0,0,2024-06-01,2024-06-01
296,18,Male,25415.0,26,484.0,42643.0,0,13145,2,Low,59353,0,0,2024-07-01,2024-07-01
297,65,Male,84398.05555555556,85,338.0,48950.0,1,16373,9,Medium,54996,1,0,2024-08-01,2024-08-01
298,29,Male,63925.0,86,522.0,39964.0,1,7555,17,Low,19031,0,0,2024-09-01,2024-09-01
299,22,Male,146523.0,7,483.0,33044.0,1,17237,11,High,85072,1,0,2024-10-01,2024-10-01
300,54,Female,25951.0,14,794.0,44933.0,2,10203,10,High,70982,0,0,2024-11-01,2024-11-01
301,49,Female,107388.0,79,573.4111111111112,20997.0,1,9244,22,Low,41683,0,0,2024-12-01,2024-12-01
302,26,Male,28007.0,7,477.0,19215.0,0,15743,25,High,22618,0,0,2025-01-01,2025-01-01
303,58,Male,146730.0,9,573.4111111111112,38069.0,2,14333,17,Medium,11587,0,0,2025-02-01,2025-02-01
304,52,Female,61832.0,48,593.0,28911.0,1,14341,4,High,67790,0,0,2025-03-01,2025-03-01
305,36,Male,78596.0,72,450.0,22030.0,2,19691,16,Low,36480,0,0,2025-04-01,2025-04-01
306,65,Female,141101.0,59,683.0,34334.0,2,2228,20,Low,25527,1,0,2025-05-01,2025-05-01
307,33,Male,50523.0,87,607.0,19571.0,1,6590,15,Medium,28569,1,0,2024-01-01,2024-01-01
308,20,Male,108861.0,93,635.0,47719.0,2,6585,25,Low,16151,0,0,2024-02-01,2024-02-01
309,37,Female,144194.0,82,674.0,33927.0,0,10227,27,Medium,76094,0,1,2024-03-01,2024-03-01
310,41,Male,106740.0,95,307.0,25714.0,0,7046,21,High,64174,0,0,2024-04-01,2024-04-01
311,50,Female,35524.0,94,640.0,48541.0,2,13237,5,High,49739,0,0,2024-05-01,2024-05-01
312,41,Male,149028.0,39,428.0,28387.0,1,16649,6,Medium,37954,0,0,2024-06-01,2024-06-01
313,69,Male,39282.0,99,651.0,33444.0,2,5945,17,Medium,40303,0,0,2024-07-01,2024-07-01
314,28,Male,43930.0,18,657.0,24921.0,0,8927,1,Low,39700,0,0,2024-08-01,2024-08-01
315,66,Female,84398.05555555556,59,816.0,18057.0,2,13641,25,High,98036,0,0,2024-09-01,2024-09-01
316,25,Male,125881.0,17,794.0,29858.0,2,16998,19,Medium,72568,1,0,2024-10-01,2024-10-01
317,53,Male,145501.0,14,385.0,49638.0,0,14386,4,High,71788,0,0,2024-11-01,2024-11-01
318,55,Male,40611.0,31,573.4111111111112,31062.0,2,8016,17,Medium,76045,0,0,2024-12-01,2024-12-01
319,57,Male,36984.0,24,492.0,41850.0,2,15027,9,High,42842,0,0,2025-01-01,2025-01-01
320,37,Female,34060.0,99,573.4111111111112,25567.0,1,16920,24,Low,18900,0,0,2025-02-01,2025-02-01
321,52,Female,102985.0,60,418.0,34739.0,1,14752,2,High,85059,0,0,2025-03-01,2025-03-01
322,65,Male,104056.0,45,517.0,48285.0,0,19268,8,High,6881,0,1,2025-04-01,2025-04-01
323,42,Female,145329.0,98,726.0,8754.0,0,19193,15,High,38037,1,0,2025-05-01,2025-05-01
324,52,Male,63303.0,3,713.0,32044.0,0,4167,7,High,6630,0,0,2024-01-01,2024-01-01
325,42,Male,79207.0,37,573.4111111111112,6724.0,1,12989,27,High,25789,0,0,2024-02-01,2024-02-01
326,46,Male,95046.0,43,444.0,6376.0,0,15087,6,Low,93059,1,0,2024-03-01,2024-03-01
327,35,Female,49287.0,40,837.0,13706.0,0,3437,1,Medium,88494,1,0,2024-04-01,2024-04-01
328,63,Female,113709.0,90,573.4111111111112,13894.0,0,16275,15,High,51151,0,0,2024-05-01,2024-05-01
329,35,Female,59711.0,55,644.0,28456.928888888888,1,6276,23,Low,53920,0,0,2024-06-01,2024-06-01
330,19,Female,31954.0,87,300.0,23450.0,2,9859,26,High,72231,0,0,2024-07-01,2024-07-01
331,52,Female,93340.0,39,446.0,21406.0,0,8818,7,High,85357,0,0,2024-08-01,2024-08-01
332,33,Female,92101.0,15,586.0,34725.0,2,5728,29,Medium,8262,0,1,2024-09-01,2024-09-01
333,58,Female,91520.0,4,352.0,10926.0,0,6738,25,High,71981,0,0,2024-10-01,2024-10-01
334,53,Female,107062.0,93,603.0,44019.0,2,6793,17,Low,86972,0,0,2024-11-01,2024-11-01
335,50,Female,122974.0,86,573.4111111111112,14496.0,1,5523,2,Low,80485,0,0,2024-12-01,2024-12-01
336,21,Male,38574.0,25,660.0,41068.0,1,6571,27,Medium,59722,0,0,2025-01-01,2025-01-01
337,50,Female,29184.0,13,519.0,34806.0,0,17209,9,High,94499,0,0,2025-02-01,2025-02-01
338,31,Female,39096.0,82,460.0,27663.0,2,16246,29,Low,55818,0,0,2025-03-01,2025-03-01
339,38,Female,87728.0,33,388.0,46321.0,1,11380,9,High,34932,0,0,2025-04-01,2025-04-01
340,65,Female,54016.0,16,458.0,41495.0,0,3224,13,High,11901,0,1,2025-05-01,2025-05-01
341,37,Female,31246.0,42,788.0,27656.0,0,9389,6,High,13597,0,1,2024-01-01,2024-01-01
342,25,Female,65558.0,66,623.0,30860.0,1,16927,6,Medium,68909,0,1,2024-02-01,2024-02-01
343,24,Female,138721.0,55,680.0,21832.0,1,12684,20,High,77391,0,0,2024-03-01,2024-03-01
344,20,Female,38381.0,99,401.0,28456.928888888888,0,11640,20,Low,89214,0,0,2024-04-01,2024-04-01
345,34,Female,147796.0,42,793.0,26727.0,2,9662,21,High,13263,0,0,2024-05-01,2024-05-01
346,50,Female,56455.0,34,318.0,47815.0,2,7361,3,Low,68293,1,0,2024-06-01,2024-06-01
347,65,Female,112263.0,30,753.0,28456.928888888888,2,2948,17,High,30805,1,0,2024-07-01,2024-07-01
348,29,Male,24018.0,13,781.0,49522.0,0,13091,17,Low,96679,0,0,2024-08-01,2024-08-01
349,68,Male,31302.0,13,696.0,7520.0,1,12992,12,Low,16874,0,0,2024-09-01,2024-09-01
350,39,Female,87506.0,18,578.0,8081.0,0,7318,16,High,98065,0,0,2024-10-01,2024-10-01
351,39,Female,61157.0,32,664.0,39196.0,1,13180,15,High,91402,0,0,2024-11-01,2024-11-01
352,63,Male,74917.0,96,630.0,41735.0,2,1234,13,Low,19079,0,1,2024-12-01,2024-12-01
353,47,Female,112738.0,99,643.0,44213.0,2,16372,23,Medium,54850,1,0,2025-01-01,2025-01-01
354,55,Male,116646.0,39,754.0,19566.0,1,1522,1,High,77779,0,0,2025-02-01,2025-02-01
355,55,Male,103122.0,46,364.0,19042.0,1,13718,17,Medium,14018,0,0,2025-03-01,2025-03-01
356,62,Male,44519.0,29,375.0,30498.0,0,10821,3,High,54500,1,0,2025-04-01,2025-04-01
357,68,Male,116809.0,62,442.0,16329.0,2,6832,26,High,17100,1,1,2025-05-01,2025-05-01
358,25,Male,107487.0,93,772.0,36656.0,0,13820,15,High,62021,1,0,2024-01-01,2024-01-01
359,44,Female,76819.0,62,716.0,7159.0,0,17211,4,High,24800,0,0,2024-02-01,2024-02-01
360,44,Male,100910.0,57,604.0,42900.0,0,8122,4,Medium,68400,0,0,2024-03-01,2024-03-01
361,51,Female,140430.0,16,796.0,24363.0,2,6842,18,High,97446,0,1,2024-04-01,2024-04-01
362,38,Female,91324.0,56,590.0,28456.928888888888,0,2316,17,Low,34437,0,0,2024-05-01,2024-05-01
363,47,Male,25408.0,10,573.4111111111112,24033.0,0,14200,19,Low,81537,0,1,2024-06-01,2024-06-01
364,50,Male,79379.0,30,573.4111111111112,28456.928888888888,0,18508,11,Medium,51675,0,0,2024-07-01,2024-07-01
365,45,Female,45053.0,25,302.0,40851.0,0,16206,20,High,24942,1,0,2024-08-01,2024-08-01
366,64,Male,29446.0,84,384.0,31832.0,0,19971,3,Low,25862,0,0,2024-09-01,2024-09-01
367,50,Male,84398.05555555556,5,573.4111111111112,18944.0,0,2378,8,Medium,16669,0,1,2024-10-01,2024-10-01
368,22,Female,118723.0,65,749.0,24873.0,2,2519,14,High,58772,0,0,2024-11-01,2024-11-01
369,65,Female,71356.0,94,753.0,45372.0,0,8935,26,Low,20916,0,0,2024-12-01,2024-12-01
370,36,Male,30789.0,49,520.0,28928.0,1,7093,1,Low,15878,0,0,2025-01-01,2025-01-01
371,21,Female,117720.0,3,453.0,20379.0,0,6355,14,Medium,7985,0,0,2025-02-01,2025-02-01
372,52,Male,86656.0,45,311.0,41751.0,0,10083,2,High,78648,0,0,2025-03-01,2025-03-01
373,66,Male,84398.05555555556,14,432.0,39546.0,2,6574,29,High,46235,0,1,2025-04-01,2025-04-01
374,34,Male,84484.0,30,603.0,29286.0,2,14324,23,Low,23931,0,0,2025-05-01,2025-05-01
375,61,Female,52154.0,68,592.0,10110.0,1,3257,4,Low,97876,1,0,2024-01-01,2024-01-01
376,45,Female,84398.05555555556,18,599.0,17087.0,1,14411,24,Low,5336,0,0,2024-02-01,2024-02-01
377,47,Female,22336.0,62,342.0,28762.0,2,16233,27,High,47933,0,0,2024-03-01,2024-03-01
378,46,Female,123677.0,37,642.0,22081.0,2,16887,29,Medium,89899,0,0,2024-04-01,2024-04-01
379,63,Female,87779.0,25,625.0,39947.0,0,3005,19,Medium,50536,0,0,2024-05-01,2024-05-01
380,23,Male,39029.0,48,573.4111111111112,14596.0,2,19400,6,High,74504,0,0,2024-06-01,2024-06-01
381,52,Male,79201.0,65,663.0,43019.0,1,11860,25,Medium,56148,0,0,2024-07-01,2024-07-01
382,58,Male,52265.0,53,726.0,47003.0,0,11070,1,Low,21279,1,0,2024-08-01,2024-08-01
383,54,Male,122916.0,79,320.0,28456.928888888888,1,10388,17,Medium,73665,1,0,2024-09-01,2024-09-01
384,41,Female,132250.0,73,706.0,6013.0,0,19156,8,Medium,76386,0,0,2024-10-01,2024-10-01
385,46,Male,136553.0,15,635.0,28705.0,2,19135,19,Medium,91124,1,1,2024-11-01,2024-11-01
386,66,Female,63872.0,49,416.0,6828.0,1,15609,21,Low,82485,0,1,2024-12-01,2024-12-01
387,63,Male,66197.0,88,423.0,12909.0,0,17363,1,High,79055,0,1,2025-01-01,2025-01-01
388,48,Female,145733.0,68,698.0,43356.0,0,17923,5,Low,96911,0,0,2025-02-01,2025-02-01
389,52,Female,75180.0,12,350.0,18109.0,2,15823,27,High,82273,0,0,2025-03-01,2025-03-01
390,50,Male,84398.05555555556,59,623.0,7023.0,2,18845,16,High,71670,1,0,2025-04-01,2025-04-01
391,69,Male,49486.0,37,440.0,19537.0,2,9547,6,High,81474,0,0,2025-05-01,2025-05-01
392,38,Male,84398.05555555556,61,769.0,31661.0,1,12515,8,Medium,59028,1,0,2024-01-01,2024-01-01
393,49,Male,148876.0,43,633.0,43659.0,0,1234,13,Medium,95022,0,0,2024-02-01,2024-02-01
394,40,Female,91895.0,70,672.0,38848.0,2,15562,16,High,96632,0,0,2024-03-01,2024-03-01
395,50,Male,84435.0,39,793.0,42804.0,1,18932,3,High,76128,0,0,2024-04-01,2024-04-01
396,20,Male,60631.0,56,838.0,20379.0,1,8480,19,Medium,23108,0,1,2024-05-01,2024-05-01
397,35,Female,84398.05555555556,63,455.0,32766.0,1,5213,12,Low,57495,0,0,2024-06-01,2024-06-01
398,42,Male,121532.0,46,590.0,48590.0,2,11293,16,High,87806,1,1,2024-07-01,2024-07-01
399,59,Male,40103.0,88,443.0,7563.0,2,2673,27,Low,98185,0,0,2024-08-01,2024-08-01
400,48,Male,84772.0,11,405.0,41060.0,0,3100,11,Medium,81533,1,0,2024-09-01,2024-09-01
401,20,Male,84398.05555555556,62,719.0,34197.0,0,12849,10,High,61830,1,0,2024-10-01,2024-10-01
402,57,Male,84398.05555555556,77,301.0,8586.0,2,19199,25,Low,79640,0,0,2024-11-01,2024-11-01
403,63,Female,104291.0,98,573.4111111111112,28456.928888888888,1,4841,20,Low,57509,1,1,2024-12-01,2024-12-01
404,41,Male,121195.0,25,644.0,28225.0,1,11197,4,Low,71406,1,1,2025-01-01,2025-01-01
405,67,Male,23756.0,71,649.0,34750.0,1,9016,12,Medium,99220,0,0,2025-02-01,2025-02-01
406,49,Male,40609.0,52,758.0,11643.0,0,8011,23,Medium,44519,1,0,2025-03-01,2025-03-01
407,64,Male,134074.0,4,562.0,32523.0,1,5493,2,Low,54649,1,1,2025-04-01,2025-04-01
408,39,Male,36478.0,59,650.0,41727.0,0,18058,24,Low,39524,0,0,2025-05-01,2025-05-01
409,40,Female,120978.0,72,407.0,16005.0,0,9578,22,Medium,38885,0,1,2024-01-01,2024-01-01
410,19,Male,59666.0,20,338.0,48543.0,1,3158,19,Low,49369,1,0,2024-02-01,2024-02-01
411,44,Female,84398.05555555556,93,458.0,28456.928888888888,1,3064,25,Low,35676,0,0,2024-03-01,2024-03-01
412,59,Female,119097.0,63,611.0,21029.0,2,4253,5,Medium,69093,0,0,2024-04-01,2024-04-01
413,19,Male,144714.0,54,540.0,19226.0,2,13828,8,Low,52764,0,0,2024-05-01,2024-05-01
414,43,Male,84398.05555555556,74,744.0,33731.0,1,2401,7,Low,55799,1,0,2024-06-01,2024-06-01
415,34,Male,91315.0,98,597.0,48922.0,0,16193,14,Low,84414,0,0,2024-07-01,2024-07-01
416,57,Male,84398.05555555556,57,335.0,49848.0,0,13096,24,Medium,98095,1,0,2024-08-01,2024-08-01
417,50,Female,146205.0,90,383.0,8390.0,0,5214,23,Low,77307,0,0,2024-09-01,2024-09-01
418,26,Male,34153.0,41,751.0,10997.0,0,12023,3,Medium,87062,0,0,2024-10-01,2024-10-01
419,60,Male,129415.0,3,684.0,17693.0,0,12950,18,Medium,36923,0,0,2024-11-01,2024-11-01
420,65,Male,96325.0,6,471.0,47092.0,2,11704,16,High,83388,0,0,2024-12-01,2024-12-01
421,56,Male,129701.0,5,675.0,5541.0,1,11343,23,High,52574,0,0,2025-01-01,2025-01-01
422,46,Male,32999.0,5,661.0,28456.928888888888,2,12867,19,Low,48391,1,0,2025-02-01,2025-02-01
423,59,Male,75318.0,54,440.0,42861.0,0,3745,19,Medium,58664,1,1,2025-03-01,2025-03-01
424,43,Female,20814.0,47,417.0,18428.0,0,4866,18,High,72384,0,1,2025-04-01,2025-04-01
425,52,Female,135033.0,87,573.4111111111112,28456.928888888888,0,12956,20,Low,36027,0,0,2025-05-01,2025-05-01
426,67,Male,96077.0,49,519.0,15258.0,0,6818,16,High,40464,1,0,2024-01-01,2024-01-01
427,42,Male,110474.0,9,325.0,21044.0,1,19606,8,High,39485,1,1,2024-02-01,2024-02-01
428,41,Male,22443.0,99,820.0,34411.0,0,17093,28,Medium,24456,0,1,2024-03-01,2024-03-01
429,30,Female,95993.0,20,309.0,28456.928888888888,1,16493,1,Medium,79795,0,0,2024-04-01,2024-04-01
430,24,Male,95916.0,61,677.0,33854.0,0,18908,17,High,40554,0,0,2024-05-01,2024-05-01
431,53,Female,93319.0,35,451.0,11256.0,1,9224,12,High,51922,1,0,2024-06-01,2024-06-01
432,62,Male,84398.05555555556,50,348.0,15720.0,2,5025,21,Medium,18409,0,0,2024-07-01,2024-07-01
433,37,Male,129777.0,82,453.0,38937.0,0,19950,11,Low,74327,0,0,2024-08-01,2024-08-01
434,18,Male,37368.0,62,592.0,38598.0,1,7155,5,Medium,96400,0,0,2024-09-01,2024-09-01
435,25,Male,35328.0,17,349.0,6651.0,2,14839,27,High,41639,1,1,2024-10-01,2024-10-01
436,63,Female,84398.05555555556,88,830.0,24194.0,0,1719,12,Low,68627,0,1,2024-11-01,2024-11-01
437,33,Female,111751.0,3,573.4111111111112,30051.0,0,15890,17,High,88424,0,0,2024-12-01,2024-12-01
438,31,Male,119131.0,32,466.0,32386.0,0,18356,6,Low,24692,0,0,2025-01-01,2025-01-01
439,29,Male,47306.0,99,501.0,14518.0,1,19591,1,High,94037,0,0,2025-02-01,2025-02-01
440,68,Female,105451.0,13,445.0,21184.0,1,5426,5,Low,83840,0,1,2025-03-01,2025-03-01
441,40,Female,59915.0,89,738.0,38787.0,2,13512,25,Low,59200,1,0,2025-04-01,2025-04-01
442,32,Female,57219.0,73,541.0,26621.0,1,16064,28,High,98063,1,0,2025-05-01,2025-05-01
443,45,Female,100879.0,68,782.0,15028.0,1,14767,14,Low,62415,1,0,2024-01-01,2024-01-01
444,51,Male,131939.0,14,407.0,17448.0,0,12308,5,Medium,23074,1,0,2024-02-01,2024-02-01
445,19,Female,84644.0,98,573.4111111111112,28456.928888888888,0,12477,22,High,20549,0,0,2024-03-01,2024-03-01
446,49,Male,80279.0,11,731.0,35447.0,0,13903,24,Medium,34963,1,0,2024-04-01,2024-04-01
447,40,Female,73028.0,56,718.0,23394.0,0,9680,27,High,96456,0,0,2024-05-01,2024-05-01
448,39,Female,124263.0,67,754.0,39501.0,0,3204,1,Low,57265,0,1,2024-06-01,2024-06-01
449,68,Female,20126.0,92,573.4111111111112,35254.0,0,2102,18,Low,21061,1,1,2024-07-01,2024-07-01
450,42,Female,72329.0,29,822.0,23509.0,0,6243,16,Low,63226,0,1,2024-08-01,2024-08-01
451,39,Female,47632.0,9,376.0,19472.0,2,7614,9,High,33810,0,0,2024-09-01,2024-09-01
452,39,Male,127099.0,67,808.0,8471.0,2,17299,19,Medium,65006,0,0,2024-10-01,2024-10-01
453,66,Male,85310.0,25,740.0,28456.928888888888,2,9707,22,Medium,27800,0,0,2024-11-01,2024-11-01
454,69,Female,84398.05555555556,98,553.0,28456.928888888888,2,14913,5,High,80476,0,1,2024-12-01,2024-12-01
455,59,Female,75176.0,76,619.0,13329.0,0,1630,27,High,74460,1,0,2025-01-01,2025-01-01
456,23,Male,139797.0,42,562.0,28456.928888888888,2,12908,2,Medium,62767,1,0,2025-02-01,2025-02-01
457,32,Female,106066.0,9,673.0,33272.0,0,11847,15,Medium,33054,0,0,2025-03-01,2025-03-01
458,60,Female,125500.0,79,466.0,47845.0,2,10171,7,Medium,80319,0,0,2025-04-01,2025-04-01
459,54,Male,146413.0,40,758.0,28456.928888888888,1,13721,4,Medium,50397,0,0,2025-05-01,2025-05-01
460,50,Female,64327.0,25,579.0,37373.0,2,17661,1,High,18233,1,0,2024-01-01,2024-01-01
461,25,Female,84398.05555555556,5,601.0,40525.0,2,17616,13,High,95020,0,0,2024-02-01,2024-02-01
462,61,Male,23797.0,11,573.4111111111112,29570.0,0,10744,20,Low,30068,0,0,2024-03-01,2024-03-01
463,61,Male,67882.0,59,517.0,23284.0,2,6690,22,Medium,70727,0,1,2024-04-01,2024-04-01
464,22,Male,33718.0,98,401.0,23994.0,1,14401,7,Low,95610,0,0,2024-05-01,2024-05-01
465,56,Female,54560.0,88,587.0,28284.0,0,8659,15,High,75453,0,0,2024-06-01,2024-06-01
466,21,Male,96589.0,79,466.0,22833.0,0,11601,23,High,30832,1,0,2024-07-01,2024-07-01
467,23,Male,42116.0,38,335.0,30122.0,2,12704,14,Low,91242,0,1,2024-08-01,2024-08-01
468,62,Male,56244.0,72,652.0,10017.0,0,1025,23,Medium,18682,0,0,2024-09-01,2024-09-01
469,49,Male,121721.0,5,372.0,21370.0,0,16384,19,Medium,97298,0,1,2024-10-01,2024-10-01
470,69,Male,21645.0,48,652.0,34252.0,0,14705,22,Medium,28383,0,0,2024-11-01,2024-11-01
471,47,Male,67523.0,90,573.4111111111112,12999.0,0,9652,29,Medium,63160,0,1,2024-12-01,2024-12-01
472,64,Female,144085.0,18,724.0,28456.928888888888,0,14379,24,Low,98332,0,1,2025-01-01,2025-01-01
473,52,Female,137718.0,70,573.4111111111112,47963.0,0,8006,20,Low,28666,0,0,2025-02-01,2025-02-01
474,57,Male,39256.0,37,727.0,7096.0,1,19378,29,High,63817,0,0,2025-03-01,2025-03-01
475,69,Male,121376.0,60,838.0,30279.0,2,9682,24,Medium,96198,1,0,2025-04-01,2025-04-01
476,33,Male,120158.0,48,459.0,48363.0,1,2072,18,Medium,39642,0,0,2025-05-01,2025-05-01
477,30,Female,73173.0,77,448.0,31201.0,0,1215,10,Medium,46830,1,0,2024-01-01,2024-01-01
478,67,Female,57430.0,28,573.4111111111112,24715.0,0,10915,9,Low,15234,0,0,2024-02-01,2024-02-01
479,59,Female,84398.05555555556,69,573.4111111111112,34309.0,2,10784,25,Medium,62616,1,0,2024-03-01,2024-03-01
480,47,Female,139719.0,77,680.0,20078.0,1,19990,8,Low,14221,0,0,2024-04-01,2024-04-01
481,36,Female,83374.0,81,357.0,10105.0,2,15824,26,Medium,16410,1,0,2024-05-01,2024-05-01
482,34,Female,88244.0,40,558.0,34312.0,1,4313,29,Medium,85055,0,0,2024-06-01,2024-06-01
483,36,Female,31694.0,45,641.0,7839.0,0,12033,10,High,66413,0,0,2024-07-01,2024-07-01
484,45,Female,76264.0,96,429.0,8384.0,2,10968,17,Medium,6051,1,0,2024-08-01,2024-08-01
485,43,Female,95060.0,62,471.0,48619.0,2,17241,2,Medium,80301,0,0,2024-09-01,2024-09-01
486,54,Male,117416.0,93,508.0,47821.0,0,6939,6,High,81918,0,0,2024-10-01,2024-10-01
487,43,Male,77545.0,58,653.0,18493.0,2,15696,26,Low,83116,0,1,2024-11-01,2024-11-01
488,40,Male,138195.0,67,770.0,22069.0,1,15794,5,Low,61563,0,0,2024-12-01,2024-12-01
489,26,Male,59224.0,56,415.0,28456.928888888888,1,3295,28,Medium,49757,0,0,2025-01-01,2025-01-01
490,29,Female,122516.0,40,563.0,42051.0,1,2696,9,Low,82475,0,0,2025-02-01,2025-02-01
491,18,Female,117945.0,98,741.0,12736.0,1,12185,5,Medium,56257,0,1,2025-03-01,2025-03-01
492,18,Male,33224.0,40,847.0,12710.0,0,19330,18,High,5307,1,1,2025-04-01,2025-04-01
493,64,Female,60738.0,91,752.0,6619.0,2,13001,26,High,61889,0,1,2025-05-01,2025-05-01
494,51,Male,45150.0,77,776.0,28456.928888888888,1,15350,20,Medium,73895,1,0,2024-01-01,2024-01-01
495,49,Female,83731.0,33,586.0,28252.0,0,4644,9,High,40944,1,0,2024-02-01,2024-02-01
496,65,Male,69688.0,6,602.0,20261.0,2,7420,17,High,43134,0,0,2024-03-01,2024-03-01
497,42,Female,119929.0,88,610.0,6431.0,2,12837,27,Medium,32323,0,0,2024-04-01,2024-04-01
498,57,Female,128618.0,19,507.0,14067.0,0,7353,17,Medium,76762,0,1,2024-05-01,2024-05-01
499,62,Male,93509.0,80,745.0,42481.0,0,11541,12,High,92225,0,0,2024-06-01,2024-06-01
500,18,Female,28577.0,40,354.0,28456.928888888888,1,2932,7,Low,30954,1,0,2024-07-01,2024-07-01
